{
    "perks":
    {
        "prices":[
            20000,
            10000,
            20000,
            30000,
            10000,
            10000,
            20000

        ],
        "effects": [
            "- Picks you get are doubled",
            "- Increases message-to-pac conversion rate to 200%",
            "- Increases message-to-pac conversion rate to 300%",
            "- Increases message-to-pac conversation rate to 400%",
            "- Doubles work earnings",
            "- Doubles steal amount",
            "- Decreases work/steal rest duration from four to one hour"


        ],
        "names":[
            "Scavenger",
            "Keycard",
            "Bank",
            "Arbitrage",
            "Degree",
            "Incognito",
            "Hourglass"
        ],
        "emotes": [
            ":hand_splayed::skin-tone-1:", 
            ":credit_card:",
            ":bank:", 
            ":money_with_wings:", 
            ":mortar_board:",    
            ":spy::skin-tone-1:",
            ":hourglass_flowing_sand:"
        ]

    },
    "collectibles":
    {
        "prices":[

            10000,
            20000,
            30000,
            50000,
            80000,
            100000,
            125000,
            150000,
            175000,
            200000,
            225000,
            250000,
            275000,
            300000,
            350000,
            400000
        ],
        "names":[
            "Luma",
            "Pusheen",
            "Kirby",
            "Clank",
            "Catbug",
            "Groot",
            "Arcanine",
            "Rick",
            "Cuphead",
            "Mario",
            "Ratchet",
            "Moogle",
            "Totoro",
            "Pikachu",
            "Link",
            "Smaug"
        ],
        "emotes": [
            "<:Luma:379001014566649857>",
            "<:Pusheen:379001017901121547>",
            "<:Kirby:379001014684090389>",
            "<:Clank:379001018886651904>",
            "<:Catbug:379001011747946528>",
            "<:Groot:379001017057935370>",
            "<:Arcanine:379001011660128265>",
            "<:Rick:379013346088845314>",
            "<:Cuphead:379001017762709518>",
            "<:Mario:379013344775897089>",
            "<:Ratchet:379001020497526784>",
            "<:Moogle:379013344998195200>",
            "<:Totoro:379001020073771020>",
            "<:Pikachu:379001018886782976>",
            "<:Link:379001017813041174>",
            "<:Smaug:379001020564373504>"
        ]
    }
}
